<?xml version="1.0" encoding="UTF-8"?>
<beans xmlns="http://www.springframework.org/schema/beans"
       xmlns:xsi="http://www.w3.org/2001/XMLSchema-instance"
       xmlns:context="http://www.springframework.org/schema/context"
       xmlns:tx="http://www.springframework.org/schema/tx" xmlns:task="http://www.springframework.org/schema/task"
       xsi:schemaLocation="http://www.springframework.org/schema/beans
                        http://www.springframework.org/schema/beans/spring-beans-3.1.xsd
                        http://www.springframework.org/schema/task
                        http://www.springframework.org/schema/task/spring-task.xsd
                        http://www.springframework.org/schema/tx
                        http://www.springframework.org/schema/tx/spring-tx-4.0.xsd
                        http://www.springframework.org/schema/context
                        http://www.springframework.org/schema/context/spring-context-4.3.xsd">


    <!-- 自动扫描组件 -->
    <context:component-scan base-package="cn.cecook.scrm.service"/>
<!--     <context:component-scan base-package="cn.cecook.scrm.rpcimpl"/> -->
    <context:component-scan base-package="cn.cecook.scrm.dao"/>
    <!--<context:component-scan base-package="cn.cecook.scrm.biz.order.dao"/>-->
    <!--<context:component-scan base-package="cn.cecook.scrm.biz.user.dao"/>-->
    <context:component-scan base-package="cn.cecook.scrm.utils.cache" />


    <task:annotation-driven/>

    <!-- 引入配置文件 -->
    <bean id="propertyConfigurer"
          class="org.springframework.beans.factory.config.PropertyPlaceholderConfigurer">
        <property name="locations">
            <list>
                <value>classpath:conf/*.properties</value>
            </list>
        </property>
    </bean>
    <bean id="configProperties" class="org.springframework.beans.factory.config.PropertiesFactoryBean">
        <property name="locations">
            <list>
                <value>classpath:conf/*.properties</value>
            </list>
        </property>
    </bean>


    <bean id="druidDataSource" class="com.alibaba.druid.pool.DruidDataSource"
          destroy-method="close">
        <!-- JDBC驱动类名称 -->
        <property name="driverClassName" value="${jdbc.driver}" />

        <!-- 数据库连接基本信息 -->
        <property name="url" value="${jdbc.url}" />
        <property name="username" value="${jdbc.username}" />
        <property name="password" value="${jdbc.password}" />

        <!-- 连接池容量配置 -->
        <!-- 连接池初始化连接数量 -->
        <property name="initialSize" value="${jdbc.initialSize}" />
        <!-- 连接池最大活动连接数量 -->
        <property name="maxActive" value="${jdbc.maxActive}" />
        <!-- 连接池最大空闲连接数量 -->
        <property name="maxIdle" value="${jdbc.maxIdle}" />
        <!-- 连接池最小空闲 -->
        <property name="minIdle" value="${jdbc.minIdle}" />

        <!-- 获取连接最大等待时间 -->
        <property name="maxWait" value="${jdbc.maxWait}" />

        <!-- 每次获取一个连接的时候，验证一下连接是否可用，语句在validationQuery里面 -->
        <property name="testOnBorrow" value="true" />
        <!-- 自动处理连接未关闭的问题， -->
        <property name="removeAbandoned" value="true" />
        <!-- 连接使用后5分钟未关闭，则抛弃 -->
        <property name="removeAbandonedTimeout" value="300" />

        <!-- 空闲池空闲连接激活线程的运行间隔时间（毫秒） -->
        <property name="timeBetweenEvictionRunsMillis" value="${jdbc.timeBetweenEvictionRunsMillis}" />
        <!-- 连接在池中保持空闲而不被回收的最大时间（毫秒） -->
        <property name="minEvictableIdleTimeMillis" value="${jdbc.minEvictableIdleTimeMillis}" />

    </bean>


    <!-- spring和MyBatis完美整合，不需要mybatis的配置映射文件 -->
    <bean id="sqlSessionFactory" class="org.mybatis.spring.SqlSessionFactoryBean">
        <property name="dataSource" ref="druidDataSource" />
        <!-- 自动扫描mapping.xml文件 -->
        <property name="mapperLocations">
            <list>
                <value>classpath*:mapper/**/*.xml</value>
            </list>
        </property>
        <property name="configLocation" value="classpath:META-INF/spring/spring-mybatis.xml"></property>
    </bean>

    <bean id="sqlSession" class="org.mybatis.spring.SqlSessionTemplate">
        <constructor-arg index="0" ref="sqlSessionFactory" />
    </bean>


    <!-- DAO接口所在包名，Spring会自动查找其下的类 -->
    <bean class="org.mybatis.spring.mapper.MapperScannerConfigurer">
        <property name="basePackage" value="cn.cecook.scrm.**.dao" />
        <property name="sqlSessionFactoryBeanName" value="sqlSessionFactory" />
    </bean>

    <!-- (事务管理)transaction manager, use JtaTransactionManager for global tx -->
    <bean id="transactionManager"
          class="org.springframework.jdbc.datasource.DataSourceTransactionManager">
        <property name="dataSource" ref="druidDataSource" />
    </bean>

    <tx:annotation-driven transaction-manager="transactionManager" />


    <bean class="org.springframework.beans.factory.annotation.AutowiredAnnotationBeanPostProcessor"/>


</beans>