<beans xmlns="http://www.springframework.org/schema/beans"
	xmlns:context="http://www.springframework.org/schema/context"
	xmlns:xsi="http://www.w3.org/2001/XMLSchema-instance" xmlns:cache="http://www.springframework.org/schema/cache"
	xmlns:p="http://www.springframework.org/schema/p"
	xsi:schemaLocation="http://www.springframework.org/schema/beans 
    http://www.springframework.org/schema/beans/spring-beans.xsd 
    http://www.springframework.org/schema/cache 
    http://www.springframework.org/schema/cache/spring-cache.xsd">


	<!-- 启用缓存注解功能，否则注解不会生效。（该注解一定要声明在Spring主配置文件中才会生效）  
	<cache:annotation-driven cache-manager="cacheManager" />
-->
	<!-- 
	<bean id="redisTemplate" class="org.springframework.data.redis.core.RedisTemplate">
		<property name="connectionFactory" ref="jeidsConnectionFactory" />
	</bean>
 --> 
	<bean id="stringRedisTemplate" class="org.springframework.data.redis.core.StringRedisTemplate">
		<property name="connectionFactory" ref="jeidsConnectionFactory" />
	</bean>
	
           
	<!-- 基于Redis的Cache Manager 
	<bean id="cacheManager" class="org.springframework.data.redis.cache.RedisCacheManager">
		<constructor-arg ref="redisTemplate"/>
	</bean>
-->
</beans>