<?xml version="1.0" encoding="UTF-8"?>
<beans xmlns="http://www.springframework.org/schema/beans"
	xmlns:xsi="http://www.w3.org/2001/XMLSchema-instance"
	xmlns:aop="http://www.springframework.org/schema/aop"
	xmlns:c="http://www.springframework.org/schema/c"
	xmlns:cache="http://www.springframework.org/schema/cache"
	xmlns:context="http://www.springframework.org/schema/context"
	xmlns:p="http://www.springframework.org/schema/p"
	xmlns:redis="http://www.springframework.org/schema/redis"
	xmlns:repository="http://www.springframework.org/schema/data/repository"
	xmlns:util="http://www.springframework.org/schema/util"
	xsi:schemaLocation="http://www.springframework.org/schema/beans http://www.springframework.org/schema/beans/spring-beans.xsd
		http://www.springframework.org/schema/aop http://www.springframework.org/schema/aop/spring-aop-4.3.xsd
		http://www.springframework.org/schema/cache http://www.springframework.org/schema/cache/spring-cache-4.3.xsd
		http://www.springframework.org/schema/context http://www.springframework.org/schema/context/spring-context-4.3.xsd
		http://www.springframework.org/schema/redis http://www.springframework.org/schema/redis/spring-redis-1.0.xsd
		http://www.springframework.org/schema/data/repository http://www.springframework.org/schema/data/repository/spring-repository-1.11.xsd
		http://www.springframework.org/schema/util http://www.springframework.org/schema/util/spring-util-4.3.xsd">


	<bean id="configProperties" class="org.springframework.beans.factory.config.PropertiesFactoryBean">
		<property name="locations">
			<list>
				<value>classpath:conf/*.properties</value>
			</list>
		</property>
	</bean>

	<!--********************** Redis Cluster 配置 *************************-->
	<bean id="redisClusterConfiguration"
		class="org.springframework.data.redis.connection.RedisClusterConfiguration">
		<!-- Redis 最大。。。 -->
		<property name="maxRedirects" value="${redis.maxRedirects}"></property>
		<!-- Redis Cluster 节点列表 -->
		<property name="clusterNodes">
			<set>
				<bean class="org.springframework.data.redis.connection.RedisClusterNode">
					<constructor-arg name="host" value="${redis.master1.host}"></constructor-arg>
					<constructor-arg name="port" value="${redis.master1.port}"></constructor-arg>
				</bean>
				<bean class="org.springframework.data.redis.connection.RedisClusterNode">
					<constructor-arg name="host" value="${redis.master2.host}"></constructor-arg>
					<constructor-arg name="port" value="${redis.master2.port}"></constructor-arg>
				</bean>
				<bean class="org.springframework.data.redis.connection.RedisClusterNode">
					<constructor-arg name="host" value="${redis.master3.host}"></constructor-arg>
					<constructor-arg name="port" value="${redis.master3.port}"></constructor-arg>
				</bean>
				<bean class="org.springframework.data.redis.connection.RedisClusterNode">
					<constructor-arg name="host" value="${redis.slave1.host}"></constructor-arg>
					<constructor-arg name="port" value="${redis.slave1.port}"></constructor-arg>
				</bean>
				<bean class="org.springframework.data.redis.connection.RedisClusterNode">
					<constructor-arg name="host" value="${redis.slave2.host}"></constructor-arg>
					<constructor-arg name="port" value="${redis.slave2.port}"></constructor-arg>
				</bean>
				<bean class="org.springframework.data.redis.connection.RedisClusterNode">
					<constructor-arg name="host" value="${redis.slave3.host}"></constructor-arg>
					<constructor-arg name="port" value="${redis.slave3.port}"></constructor-arg>
				</bean>
			</set>
		</property>
	</bean>

	<!-- Jedis驱动连接池配置信息 -->
	<bean id="jedisPoolConfig" class="redis.clients.jedis.JedisPoolConfig">
		<!--  -->
		<property name="maxIdle" value="${redis.pool.maxIdle}" />
		<!--  -->
		<property name="minIdle" value="${redis.pool.minIdle}" />
		<!--  -->
		<property name="maxTotal" value="${redis.pool.maxTotal}" />
		<!--  -->
		<property name="maxWaitMillis" value="${redis.pool.maxWaitMillis}" />
		<!--  -->
		<property name="testOnCreate" value="${redis.pool.testOnCreate}" />
		<!--  -->
		<property name="testOnReturn" value="${redis.pool.testOnReturn}" />
		<!-- 在获得链接的时候检查有效性 -->
		<property name="testOnBorrow" value="${redis.pool.testOnBorrow}" />
		<!-- 在空闲时检查有效性 -->
		<property name="testWhileIdle" value="${redis.pool.testWhileIdle}" />
	</bean>

	<!-- Spring Data Redis 连接工厂配置 -->
	<bean id="jeidsConnectionFactory"
		class="org.springframework.data.redis.connection.jedis.JedisConnectionFactory">
		<constructor-arg ref="redisClusterConfiguration" />
		<constructor-arg ref="jedisPoolConfig" />
		<!-- Redis Cluster 各节点 访问密码 -->
		<property name="password" value="${redis.password}" />
	</bean>

</beans>
