<?xml version="1.0" encoding="UTF-8"?>
<beans xmlns="http://www.springframework.org/schema/beans"
       xmlns:xsi="http://www.w3.org/2001/XMLSchema-instance" xmlns:dubbo="http://code.alibabatech.com/schema/dubbo"
       xsi:schemaLocation="http://www.springframework.org/schema/beans
    http://www.springframework.org/schema/beans/spring-beans.xsd        
    http://code.alibabatech.com/schema/dubbo
    http://code.alibabatech.com/schema/dubbo/dubbo.xsd">

    <!-- 提供方应用信息，用于计算依赖关系 -->
    <dubbo:application name="${dubbo.application.name}"/>

    <!-- 使用Zookeeper注册中心暴露服务地址 -->

    <!--<dubbo:registry protocol="zookeeper" address="10.12.51.139:2181,10.12.51.139:2182,10.12.51.139:2183" client="curator"/>  -->
    <!--<dubbo:registry protocol="zookeeper" address="zookeeper://127.0.0.1:2181" client="curator"/>-->
    <dubbo:registry protocol="zookeeper" address="127.0.0.1:2181" client="curator"/>

    <!-- 用dubbo协议在20881端口暴露服务 -->
    <dubbo:protocol name="${dubbo.protocol.name}" port="20982"/>


    <!--商品业务服务接口 - msh-->
    <dubbo:service ref="goodsBaseInfoRpcService" interface="cn.cecook.scrm.rpc.IGoodsBaseInfoRpcService"
                   delay="300" timeout="10000" executes="30" actives="10" loadbalance="roundrobin" cluster="failover"
                   retries="2"/>
    <bean id="goodsBaseInfoRpcService" class="cn.cecook.scrm.rpcimpl.GoodsBaseInfoRpcServiceImpl"/>

    <!--会员业务服务接口 -  msh-->
    <dubbo:service ref="memberRpcService" interface="cn.cecook.scrm.rpc.IMemberRpcService" delay="300" timeout="10000"
                   executes="30"
                   actives="10" loadbalance="roundrobin" cluster="failover" retries="2"/>
    <bean id="memberRpcService" class="cn.cecook.scrm.rpcimpl.MemberRpcServiceImpl"/>


    <!-- 名片列表页 - 新建名片 - 弹框列表 - 分页数据|根据用户名手机号模糊查询用户信息 - Yangcl -->
    <dubbo:service ref="accountRpcService" interface="cn.cecook.scrm.rpc.IAccountRpcService"
                   delay="300" timeout="10000" executes="30" actives="10" loadbalance="roundrobin" cluster="failover"
                   retries="2"/>
    <bean id="accountRpcService" class="cn.cecook.scrm.rpcimpl.AccountRpcServiceImpl"/>


    <bean id="activityUserDefinedTemplateRpcService"
          class="cn.cecook.scrm.rpcimpl.ActivityUserDefinedTemplateRpcServiceImpl"/>
    <dubbo:service ref="activityUserDefinedTemplateRpcService"
                   interface="cn.cecook.scrm.rpc.IActivityUserDefinedTemplateRpcService"
                   delay="300" timeout="10000" executes="30" actives="10" loadbalance="roundrobin" cluster="failover"
                   retries="2"/>

    <dubbo:service ref="activityBaseInfoRpcService" interface="cn.cecook.scrm.rpc.IActivityBaseInfoRpcService"
                   delay="300" timeout="10000" executes="30" actives="10" loadbalance="roundrobin" cluster="failover"
                   retries="2"/>
    <bean id="activityBaseInfoRpcService" class="cn.cecook.scrm.rpcimpl.ActivityBaseInfoRpcServiceImpl"/>


    <dubbo:service ref="baseStoreInfoRpcService" interface="cn.cecook.scrm.rpc.IBaseStoreInfoRpcService"
                   delay="300" timeout="10000" executes="30" actives="10" loadbalance="roundrobin" cluster="failover"
                   retries="2"/>
    <bean id="baseStoreInfoRpcService" class="cn.cecook.scrm.rpcimpl.BaseStoreInfoRpcServiceImpl"/>

    <dubbo:service ref="companyInfoRpcService" interface="cn.cecook.scrm.rpc.ICompanyInfoRpcService"
                   delay="300" timeout="10000" executes="30" actives="10" loadbalance="roundrobin" cluster="failover"
                   retries="2"/>
    <bean id="companyInfoRpcService" class="cn.cecook.scrm.rpcimpl.CompanyInfoRpcServiceImpl"/>

    <dubbo:service ref="couponRpcService" interface="cn.cecook.scrm.rpc.ICouponRpcService"
                   delay="300" timeout="10000" executes="30" actives="10" loadbalance="roundrobin" cluster="failover"
                   retries="2"/>
    <bean id="couponRpcService" class="cn.cecook.scrm.rpcimpl.CouponRpcServiceImpl"/>

    <dubbo:service ref="activityBrowseRecordRpcService" interface="cn.cecook.scrm.rpc.IActivityBrowseRecordRpcService"
                   delay="300" timeout="10000" executes="30" actives="10" loadbalance="roundrobin" cluster="failover"
                   retries="2"/>
    <bean id="activityBrowseRecordRpcService" class="cn.cecook.scrm.rpcimpl.ActivityBrowseRecordRpcServiceImpl"/>

    <!-- 二维码营销业务服务接口  - 创建二维码 - 二维码扫码统计 - 二维码扫码记录列表展示 - 导出统计数据 - MaJie -->
    <dubbo:service ref="qrcodeRpcService" interface="cn.cecook.scrm.rpc.IQrcodeRpcService"
                   delay="300" timeout="10000" executes="30" actives="10" loadbalance="roundrobin" cluster="failover"
                   retries="2"/>
    <bean id="qrcodeRpcService" class="cn.cecook.scrm.rpcimpl.QrcodeRpcServiceImpl"/>

    <dubbo:service ref="thirdpartyCouponRpcService" interface="cn.cecook.scrm.rpc.IThirdpartyCouponRpcService"
                   delay="300" timeout="10000" executes="30" actives="10" loadbalance="roundrobin" cluster="failover"
                   retries="2"/>
    <bean id="thirdpartyCouponRpcService" class="cn.cecook.scrm.rpcimpl.ThirdpartyCouponRpcServiceImpl"/>

    <dubbo:service ref="smsRpcService" interface="cn.cecook.scrm.rpc.ISmsRpcService"
                   delay="300" timeout="10000" executes="30" actives="10" loadbalance="roundrobin" cluster="failover"
                   retries="2"/>
    <bean id="smsRpcService" class="cn.cecook.scrm.rpcimpl.SmsRpcServiceImpl"/>
    <!-- 短信日志服务 -->
    <dubbo:service ref="smsUseRecordRpcService" interface="cn.cecook.scrm.rpc.ISmsUseRecordRpcService"
                   delay="300" timeout="10000" executes="30" actives="10" loadbalance="roundrobin" cluster="failover"
                   retries="2"/>
    <bean id="smsUseRecordRpcService" class="cn.cecook.scrm.rpcimpl.SmsUseRecordRpcServiceImpl"/>

    <dubbo:service ref="autoMarketRpcService" interface="cn.cecook.scrm.rpc.IAutoMarketRpcService"
                   delay="300" timeout="10000" executes="30" actives="10" loadbalance="roundrobin" cluster="failover"
                   retries="2"/>
    <bean id="autoMarketRpcService" class="cn.cecook.scrm.rpcimpl.AutoMarketRpcServiceImpl"/>

    <!-- 这个谁没写，我先加上了【zhaoxin】 -->
    <dubbo:service ref="businessCardInfoRpcService" interface="cn.cecook.scrm.rpc.IBusinessCardInfoRpcService"
                   delay="300" timeout="10000" executes="30" actives="10" loadbalance="roundrobin" cluster="failover"
                   retries="2"/>
    <bean id="businessCardInfoRpcService" class="cn.cecook.scrm.rpcimpl.BusinessCardInfoRpcServiceImpl"/>

    <dubbo:service ref="autoMarketSmsTemplateRpcService" interface="cn.cecook.scrm.rpc.IAutoMarketSmsTemplateRpcService"
                   delay="300" timeout="10000" executes="30" actives="10" loadbalance="roundrobin" cluster="failover"
                   retries="2"/>
    <bean id="autoMarketSmsTemplateRpcService" class="cn.cecook.scrm.rpcimpl.AutoMarketSmsTemplateRpcServiceImpl"/>
    <!-- 部门服务 -->
    <dubbo:service ref="departmentRpcService" interface="cn.cecook.scrm.rpc.IDepartmentRpcService"
                   delay="300" timeout="10000" executes="30" actives="10" loadbalance="roundrobin" cluster="failover"
                   retries="2"/>
    <bean id="departmentRpcService" class="cn.cecook.scrm.rpcimpl.DepartmentRpcServiceImpl"/>
    <!-- 角色服务 ligang -->
    <dubbo:service ref="roleRpcService" interface="cn.cecook.scrm.rpc.IRoleRpcService"
                   delay="300" timeout="10000" executes="30" actives="10" loadbalance="roundrobin" cluster="failover"
                   retries="2"/>
    <bean id="roleRpcService" class="cn.cecook.scrm.rpcimpl.RoleRpcServiceImpl"/>

    <!-- 注券批次 -->
    <dubbo:service ref="couponBanchInfoRpcService" interface="cn.cecook.scrm.rpc.ICouponBanchInfoRpcService" delay="300"
                   timeout="10000" executes="30" actives="10" loadbalance="roundrobin" cluster="failover" retries="2"/>
    <bean id="couponBanchInfoRpcService" class="cn.cecook.scrm.rpcimpl.CouponBanchInfoRpcServiceIpml"/>

    <!-- 名片转发Rpc服务 - Yangcl -->
    <dubbo:service ref="businessCardTransmitRecordRpcService"
                   interface="cn.cecook.scrm.rpc.IBusinessCardTransmitRecordRpcService"
                   delay="300" timeout="10000" executes="30" actives="10" loadbalance="roundrobin" cluster="failover"
                   retries="2"/>
    <bean id="businessCardTransmitRecordRpcService"
          class="cn.cecook.scrm.rpcimpl.BusinessCardTransmitRecordRpcServiceImpl"/>
    <!-- 同步crm服务 -->
    <dubbo:service ref="synCrmRpcService" interface="cn.cecook.scrm.rpc.ISynCrmRpcService"
                   delay="300" timeout="10000" executes="30" actives="10" loadbalance="roundrobin" cluster="failover"
                   retries="2"/>
    <bean id="synCrmRpcService" class="cn.cecook.scrm.rpcimpl.SynCrmRpcServiceImpl"/>
    <!-- 同步瑞恩服务 -->
    <dubbo:service ref="synRanningRpcService" interface="cn.cecook.scrm.rpc.ISynRanningRpcService"
                   delay="300" timeout="10000" executes="30" actives="10" loadbalance="roundrobin" cluster="failover"
                   retries="2"/>
    <bean id="synRanningRpcService" class="cn.cecook.scrm.rpcimpl.SynRanningRpcServiceImpl"/>


    <!--订单业务服务接口   msh  -->
    <dubbo:service ref="orderRpcService" interface="cn.cecook.scrm.rpc.IOrderRpcService"
                   delay="300" timeout="10000" executes="30" actives="10" loadbalance="roundrobin" cluster="failover"
                   retries="2"/>
    <bean id="orderRpcService" class="cn.cecook.scrm.rpcimpl.OrderRpcServiceImpl"/>

    <!--查询城市信息服务-->
    <bean id="addressCodeRpcService" class="cn.cecook.scrm.rpcimpl.AddressCodeRpcServiceImpl"/>
    <dubbo:service ref="addressCodeRpcService" interface="cn.cecook.scrm.rpc.IAddressCodeRpcService"
                   delay="300" timeout="10000" executes="30" actives="10" loadbalance="roundrobin" cluster="failover"
                   retries="2"/>
    <!-- 邮箱验证码 -->
    <dubbo:service ref="emailVerifyCodeService" interface="cn.cecook.scrm.rpc.IEmailVerifyCodeService"
                   delay="300" timeout="10000" executes="30" actives="10" loadbalance="roundrobin" cluster="failover"
                   retries="2"/>
    <bean id="emailVerifyCodeService" class="cn.cecook.scrm.rpcimpl.EmailVerifyCodeServiceImpl"/>

    <!-- 优惠券反核销记录 -->
    <dubbo:service ref="couponReverseRecordRpcService" interface="cn.cecook.scrm.rpc.ICouponReverseRecordRpcService"
                   delay="300" timeout="10000" executes="30" actives="10" loadbalance="roundrobin" cluster="failover"
                   retries="2"/>
    <bean id="couponReverseRecordRpcService" class="cn.cecook.scrm.rpcimpl.CouponReverseRecordRpcServiceImpl"/>

    <dubbo:reference check="false" id="emailPublicRpcService"
                     interface="cn.cecook.scrm.services.common.rpc.IEmailPublicRpcService"/>

    <dubbo:reference check="false" id="smsPublicRpcService"
                     interface="cn.cecook.scrm.services.common.rpc.ISmsPublicRpcService"
    />

</beans>