<assembly>
	<id>assembly</id>
	<formats>
		<format>tar.gz</format>
	</formats>
	<includeBaseDirectory>true</includeBaseDirectory>
	<fileSets>
		<fileSet>
			<directory>src/main/assembly/bin</directory>
			<outputDirectory>bin</outputDirectory>
			<fileMode>0755</fileMode>
		</fileSet>
		<fileSet>
			<directory>src/main/assembly/maven-conf/${package.environment}</directory>
			<outputDirectory>conf</outputDirectory>
			<fileMode>0644</fileMode>
		</fileSet>
	</fileSets>
	<dependencySets>
		<dependencySet>
			<outputDirectory>lib</outputDirectory>
		</dependencySet>
	</dependencySets>
</assembly>