<?xml version="1.0" encoding="UTF-8" ?>
<!DOCTYPE mapper PUBLIC "-//mybatis.org//DTD Mapper 3.0//EN" "http://mybatis.org/dtd/mybatis-3-mapper.dtd" >
<mapper namespace="com.matrix.dao.IMemberInfoMapper">

    <!-- 基类字段映射 -->
    <resultMap id="BaseMap" type="com.matrix.base.BaseEntity">
        <result column="cid" property="cid" jdbcType="BIGINT"/>
        <result column="create_time" property="createTime" jdbcType="TIMESTAMP"/>
        <result column="create_user_id" property="createUserId" jdbcType="BIGINT"/>
        <result column="create_user_name" property="createUserName" jdbcType="VARCHAR"/>
        <result column="update_time" property="updateTime" jdbcType="TIMESTAMP"/>
        <result column="update_user_id" property="updateUserId" jdbcType="BIGINT"/>
        <result column="update_user_name" property="updateUserName" jdbcType="VARCHAR"/>
        <result column="delete_flag" property="deleteFlag" jdbcType="INTEGER"/>
    </resultMap>

    <resultMap id="BaseResultMap" type="com.matrix.pojo.entity.MemberInfo" extends="BaseMap">
        <id column="id" property="id" jdbcType="BIGINT"/>
        <result column="store_info_id" property="storeInfoId" jdbcType="BIGINT"/>
        <result column="account" property="account" jdbcType="VARCHAR"/>
        <result column="password" property="password" jdbcType="VARCHAR"/>
        <result column="nick_name" property="nickName" jdbcType="VARCHAR"/>
        <result column="phone" property="phone" jdbcType="VARCHAR"/>
        <result column="email" property="email" jdbcType="VARCHAR"/>
        <result column="sex" property="sex" jdbcType="INTEGER"/>
        <result column="birthday" property="birthday" jdbcType="TIMESTAMP"/>
        <result column="head_pic" property="headPic" jdbcType="VARCHAR"/>
        <result column="id_card" property="idCard" jdbcType="VARCHAR"/>
        <result column="is_freezing" property="isFreezing" jdbcType="INTEGER"/>
        <result column="member_type" property="memberType" jdbcType="INTEGER"/>
        <result column="start_time" property="startTime" jdbcType="TIMESTAMP"/>
        <result column="end_time" property="endTime" jdbcType="TIMESTAMP"/>
        <result column="qq" property="qq" jdbcType="VARCHAR"/>
        <result column="wechart" property="wechart" jdbcType="VARCHAR"/>
        <result column="weibo" property="weibo" jdbcType="VARCHAR"/>
        <result column="recommend_user_id" property="recommendUserId" jdbcType="BIGINT"/>
        <result column="dict_source_channel_info_id" property="dictSourceChannelInfoId" jdbcType="BIGINT"/>
        <result column="dict_income_range_info_id" property="dictIncomeRangeInfoId" jdbcType="BIGINT"/>
        <result column="dict_vocation_info_id" property="dictVocationInfoId" jdbcType="BIGINT"/>
        <result column="dict_education_level_info_id" property="dictEducationLevelInfoId" jdbcType="BIGINT"/>
        <result column="dict_member_level_info_id" property="dictMemberLevelInfoId" jdbcType="BIGINT"/>
        <result column="province_id" property="provinceId" jdbcType="VARCHAR"/>
        <result column="city_id" property="cityId" jdbcType="VARCHAR"/>
        <result column="area_id" property="areaId" jdbcType="VARCHAR"/>
    </resultMap>

    <sql id="Base_Column_List">
        id,
        cid,
        create_time,
        create_user_id,
        create_user_name,
        update_time,
        update_user_id,
        update_user_name,
        delete_flag,
        store_info_id,
        account,
        `password`,
        nick_name,
        phone,
        email,
        sex,
        birthday,
        head_pic,
        id_card,
        is_freezing,
        member_type,
        start_time,
        end_time,
        qq,
        wechart,
        weibo,
        recommend_user_id,
        dict_source_channel_info_id,
        dict_income_range_info_id,
        dict_vocation_info_id,
        dict_education_level_info_id,
        dict_member_level_info_id,
        province_id,
        city_id,
        area_id
    </sql>

    <select id="selectByPrimaryKey" resultMap="BaseResultMap" parameterType="java.lang.Long">
        select
            <include refid="Base_Column_List"/>
        from
            member_info
        where
            id = #{id,jdbcType=BIGINT}
    </select>
    
    <select id="findList" resultMap="BaseResultMap" parameterType="com.matrix.pojo.entity.MemberInfo">
        select
            <include refid="Base_Column_List"/>
        from
            member_info
        where 
			delete_flag = 1
        	<if test="id != null">
	            id = #{id,jdbcType=BIGINT}
            </if>
    </select>

    <delete id="deleteByPrimaryKey" parameterType="java.lang.Long">
        delete from member_info
        where id = #{id,jdbcType=BIGINT}
    </delete>

    <insert id="insertSelective" parameterType="com.matrix.pojo.entity.MemberInfo">
        insert into member_info
        <trim prefix="(" suffix=")" suffixOverrides=",">
            <if test="id != null">
                id,
            </if>
            <if test="cid != null">
                cid,
            </if>
            <if test="createTime != null">
                create_time,
            </if>
            <if test="createUserId != null">
                create_user_id,
            </if>
            <if test="createUserName != null">
                create_user_name,
            </if>
            <if test="updateTime != null">
                update_time,
            </if>
            <if test="updateUserId != null">
                update_user_id,
            </if>
            <if test="updateUserName != null">
                update_user_name,
            </if>
            <if test="deleteFlag != null">
                delete_flag,
            </if>
            <if test="storeInfoId != null">
                store_info_id,
            </if>
            <if test="account != null">
                account,
            </if>
            <if test="password != null">
                password,
            </if>
            <if test="nickName != null">
                nick_name,
            </if>
            <if test="phone != null">
                phone,
            </if>
            <if test="email != null">
                email,
            </if>
            <if test="sex != null">
                sex,
            </if>
            <if test="birthday != null">
                birthday,
            </if>
            <if test="headPic != null">
                head_pic,
            </if>
            <if test="idCard != null">
                id_card,
            </if>
            <if test="isFreezing != null">
                is_freezing,
            </if>
            <if test="memberType != null">
                member_type,
            </if>
            <if test="startTime != null">
                start_time,
            </if>
            <if test="endTime != null">
                end_time,
            </if>
            <if test="qq != null">
                qq,
            </if>
            <if test="wechart != null">
                wechart,
            </if>
            <if test="weibo != null">
                weibo,
            </if>
            <if test="recommendUserId != null">
                recommend_user_id,
            </if>
            <if test="dictSourceChannelInfoId != null">
                dict_source_channel_info_id,
            </if>
            <if test="dictIncomeRangeInfoId != null">
                dict_income_range_info_id,
            </if>
            <if test="dictVocationInfoId != null">
                dict_vocation_info_id,
            </if>
            <if test="dictEducationLevelInfoId != null">
                dict_education_level_info_id,
            </if>
            <if test="dictMemberLevelInfoId != null">
                dict_member_level_info_id,
            </if>
            <if test="provinceId != null">
                province_id,
            </if>
            <if test="cityId != null">
                city_id,
            </if>
            <if test="areaId != null">
                area_id,
            </if>
        </trim>
        <trim prefix="values (" suffix=")" suffixOverrides=",">
            <if test="id != null">
                #{id,jdbcType=BIGINT},
            </if>
            <if test="cid != null">
                #{cid,jdbcType=INTEGER},
            </if>
            <if test="createTime != null">
                #{createTime,jdbcType=TIMESTAMP},
            </if>
            <if test="createUserId != null">
                #{createUserId,jdbcType=BIGINT},
            </if>
            <if test="createUserName != null">
                #{createUserName,jdbcType=VARCHAR},
            </if>
            <if test="updateTime != null">
                #{updateTime,jdbcType=TIMESTAMP},
            </if>
            <if test="updateUserId != null">
                #{updateUserId,jdbcType=BIGINT},
            </if>
            <if test="updateUserName != null">
                #{updateUserName,jdbcType=VARCHAR},
            </if>
            <if test="deleteFlag != null">
                #{deleteFlag,jdbcType=INTEGER},
            </if>
            <if test="storeInfoId != null">
                #{storeInfoId,jdbcType=BIGINT},
            </if>
            <if test="account != null">
                #{account,jdbcType=VARCHAR},
            </if>
            <if test="password != null">
                #{password,jdbcType=VARCHAR},
            </if>
            <if test="nickName != null">
                #{nickName,jdbcType=VARCHAR},
            </if>
            <if test="phone != null">
                #{phone,jdbcType=VARCHAR},
            </if>
            <if test="email != null">
                #{email,jdbcType=VARCHAR},
            </if>
            <if test="sex != null">
                #{sex,jdbcType=INTEGER},
            </if>
            <if test="birthday != null">
                #{birthday,jdbcType=TIMESTAMP},
            </if>
            <if test="headPic != null">
                #{headPic,jdbcType=VARCHAR},
            </if>
            <if test="idCard != null">
                #{idCard,jdbcType=VARCHAR},
            </if>
            <if test="isFreezing != null">
                #{isFreezing,jdbcType=INTEGER},
            </if>
            <if test="memberType != null">
                #{memberType,jdbcType=INTEGER},
            </if>
            <if test="startTime != null">
                #{startTime,jdbcType=TIMESTAMP},
            </if>
            <if test="endTime != null">
                #{endTime,jdbcType=TIMESTAMP},
            </if>
            <if test="qq != null">
                #{qq,jdbcType=VARCHAR},
            </if>
            <if test="wechart != null">
                #{wechart,jdbcType=VARCHAR},
            </if>
            <if test="weibo != null">
                #{weibo,jdbcType=VARCHAR},
            </if>
            <if test="recommendUserId != null">
                #{recommendUserId,jdbcType=BIGINT},
            </if>
            <if test="dictSourceChannelInfoId != null">
                #{dictSourceChannelInfoId,jdbcType=BIGINT},
            </if>
            <if test="dictIncomeRangeInfoId != null">
                #{dictIncomeRangeInfoId,jdbcType=BIGINT},
            </if>
            <if test="dictVocationInfoId != null">
                #{dictVocationInfoId,jdbcType=BIGINT},
            </if>
            <if test="dictEducationLevelInfoId != null">
                #{dictEducationLevelInfoId,jdbcType=BIGINT},
            </if>
            <if test="dictMemberLevelInfoId != null">
                #{dictMemberLevelInfoId,jdbcType=BIGINT},
            </if>
            <if test="provinceId != null">
                #{provinceId,jdbcType=VARCHAR},
            </if>
            <if test="cityId != null">
                #{cityId,jdbcType=VARCHAR},
            </if>
            <if test="areaId != null">
                #{areaId,jdbcType=VARCHAR},
            </if>
        </trim>
    </insert>

    <update id="updateSelective" parameterType="com.matrix.pojo.entity.MemberInfo">
        update member_info
        <set>
            <if test="cid != null">
                cid = #{cid,jdbcType=INTEGER},
            </if>
            <if test="updateTime != null">
                update_time = #{updateTime,jdbcType=TIMESTAMP},
            </if>
            <if test="updateUserId != null">
                update_user_id = #{updateUserId,jdbcType=BIGINT},
            </if>
            <if test="updateUserName != null">
                update_user_name = #{updateUserName,jdbcType=VARCHAR},
            </if>
            <if test="deleteFlag != null">
                delete_flag = #{deleteFlag,jdbcType=INTEGER},
            </if>
            <if test="storeInfoId != null">
                store_info_id = #{storeInfoId,jdbcType=BIGINT},
            </if>
            <if test="account != null">
                account = #{account,jdbcType=VARCHAR},
            </if>
            <if test="password != null">
                password = #{password,jdbcType=VARCHAR},
            </if>
            <if test="nickName != null">
                nick_name = #{nickName,jdbcType=VARCHAR},
            </if>
            <if test="phone != null">
                phone = #{phone,jdbcType=VARCHAR},
            </if>
            <if test="email != null">
                email = #{email,jdbcType=VARCHAR},
            </if>
            <if test="sex != null">
                sex = #{sex,jdbcType=INTEGER},
            </if>
            <if test="birthday != null">
                birthday = #{birthday,jdbcType=TIMESTAMP},
            </if>
            <if test="headPic != null">
                head_pic = #{headPic,jdbcType=VARCHAR},
            </if>
            <if test="idCard != null">
                id_card = #{idCard,jdbcType=VARCHAR},
            </if>
            <if test="isFreezing != null">
                is_freezing = #{isFreezing,jdbcType=INTEGER},
            </if>
            <if test="memberType != null">
                member_type = #{memberType,jdbcType=INTEGER},
            </if>
            <if test="startTime != null">
                start_time = #{startTime,jdbcType=TIMESTAMP},
            </if>
            <if test="endTime != null">
                end_time = #{endTime,jdbcType=TIMESTAMP},
            </if>
            <if test="qq != null">
                qq = #{qq,jdbcType=VARCHAR},
            </if>
            <if test="wechart != null">
                wechart = #{wechart,jdbcType=VARCHAR},
            </if>
            <if test="weibo != null">
                weibo = #{weibo,jdbcType=VARCHAR},
            </if>
            <if test="recommendUserId != null">
                recommend_user_id = #{recommendUserId,jdbcType=BIGINT},
            </if>
            <if test="dictSourceChannelInfoId != null">
                dict_source_channel_info_id = #{dictSourceChannelInfoId,jdbcType=BIGINT},
            </if>
            <if test="dictIncomeRangeInfoId != null">
                dict_income_range_info_id = #{dictIncomeRangeInfoId,jdbcType=BIGINT},
            </if>
            <if test="dictVocationInfoId != null">
                dict_vocation_info_id = #{dictVocationInfoId,jdbcType=BIGINT},
            </if>
            <if test="dictEducationLevelInfoId != null">
                dict_education_level_info_id = #{dictEducationLevelInfoId,jdbcType=BIGINT},
            </if>
            <if test="dictMemberLevelInfoId != null">
                dict_member_level_info_id = #{dictMemberLevelInfoId,jdbcType=BIGINT},
            </if>
            <if test="provinceId != null">
                province_id = #{provinceId,jdbcType=VARCHAR},
            </if>
            <if test="cityId != null">
                city_id = #{cityId,jdbcType=VARCHAR},
            </if>
            <if test="areaId != null">
                area_id = #{areaId,jdbcType=VARCHAR},
            </if>
        </set>
        where id = #{id,jdbcType=BIGINT} and cid={cid,jdbcType=BIGINT}
    </update>
</mapper>